data	low	median	high	n_genes	padj	min_pres
Train	0.7274819270705873	0.8271317829457364	0.9267816388208855	50	0.1	250
Validation	0.55	0.753968253968254	1	50	0.1	250
